Domain,Category,SEO_Title,SEO_Description,Meta_Description
PreciseTutor.com,brandable_general,PreciseTutor.com – Nombre de marca premium (Brandable General),"PreciseTutor.com es un nombre de marca premium para marcable, nombre corto, memorable. Corto, memorable y optimizado para SEO — ideal para crecimiento orgánico y confianza.","Descubre PreciseTutor.com: nombre premium para marcable, nombre corto y memorable. Corto, memorable y SEO‑ready."
Nilufer.org,brandable_general,Nilufer.org – Nombre de marca premium (Brandable General),"Nilufer.org es un nombre de marca premium para marcable, nombre corto, memorable. Corto, memorable y optimizado para SEO — ideal para crecimiento orgánico y confianza.","Descubre Nilufer.org: nombre premium para marcable, nombre corto y memorable. Corto, memorable y SEO‑ready."
NIFE.net,brandable_general,NIFE.net – Nombre de marca premium (Brandable General),"NIFE.net es un nombre de marca premium para marcable, nombre corto, memorable. Corto, memorable y optimizado para SEO — ideal para crecimiento orgánico y confianza.","Descubre NIFE.net: nombre premium para marcable, nombre corto y memorable. Corto, memorable y SEO‑ready."
SUAT.net,brandable_general,SUAT.net – Nombre de marca premium (Brandable General),"SUAT.net es un nombre de marca premium para marcable, nombre corto, memorable. Corto, memorable y optimizado para SEO — ideal para crecimiento orgánico y confianza.","Descubre SUAT.net: nombre premium para marcable, nombre corto y memorable. Corto, memorable y SEO‑ready."
WordyPool.com,brandable_general,WordyPool.com – Nombre de marca premium (Brandable General),"WordyPool.com es un nombre de marca premium para marcable, nombre corto, memorable. Corto, memorable y optimizado para SEO — ideal para crecimiento orgánico y confianza.","Descubre WordyPool.com: nombre premium para marcable, nombre corto y memorable. Corto, memorable y SEO‑ready."
EntryOL.com,trend_analytics,EntryOL.com – Nombre de marca premium (Trend Analytics),"EntryOL.com es un nombre de marca premium para analítica, datos, tendencias. Corto, memorable y optimizado para SEO — ideal para crecimiento orgánico y confianza.","Descubre EntryOL.com: nombre premium para analítica, datos y tendencias. Corto, memorable y SEO‑ready."
NewsPrivate.com,brandable_general,NewsPrivate.com – Nombre de marca premium (Brandable General),"NewsPrivate.com es un nombre de marca premium para marcable, nombre corto, memorable. Corto, memorable y optimizado para SEO — ideal para crecimiento orgánico y confianza.","Descubre NewsPrivate.com: nombre premium para marcable, nombre corto y memorable. Corto, memorable y SEO‑ready."
TalkInHealth.com,brandable_general,TalkInHealth.com – Nombre de marca premium (Brandable General),"TalkInHealth.com es un nombre de marca premium para marcable, nombre corto, memorable. Corto, memorable y optimizado para SEO — ideal para crecimiento orgánico y confianza.","Descubre TalkInHealth.com: nombre premium para marcable, nombre corto y memorable. Corto, memorable y SEO‑ready."
Kontenjan.com,brandable_general,Kontenjan.com – Nombre de marca premium (Brandable General),"Kontenjan.com es un nombre de marca premium para marcable, nombre corto, memorable. Corto, memorable y optimizado para SEO — ideal para crecimiento orgánico y confianza.","Descubre Kontenjan.com: nombre premium para marcable, nombre corto y memorable. Corto, memorable y SEO‑ready."
Beyrout.com,brandable_general,Beyrout.com – Nombre de marca premium (Brandable General),"Beyrout.com es un nombre de marca premium para marcable, nombre corto, memorable. Corto, memorable y optimizado para SEO — ideal para crecimiento orgánico y confianza.","Descubre Beyrout.com: nombre premium para marcable, nombre corto y memorable. Corto, memorable y SEO‑ready."
LineHaber.com,brandable_general,LineHaber.com – Nombre de marca premium (Brandable General),"LineHaber.com es un nombre de marca premium para marcable, nombre corto, memorable. Corto, memorable y optimizado para SEO — ideal para crecimiento orgánico y confianza.","Descubre LineHaber.com: nombre premium para marcable, nombre corto y memorable. Corto, memorable y SEO‑ready."
ForDiver.com,brandable_general,ForDiver.com – Nombre de marca premium (Brandable General),"ForDiver.com es un nombre de marca premium para marcable, nombre corto, memorable. Corto, memorable y optimizado para SEO — ideal para crecimiento orgánico y confianza.","Descubre ForDiver.com: nombre premium para marcable, nombre corto y memorable. Corto, memorable y SEO‑ready."
Layusel.com,brandable_general,Layusel.com – Nombre de marca premium (Brandable General),"Layusel.com es un nombre de marca premium para marcable, nombre corto, memorable. Corto, memorable y optimizado para SEO — ideal para crecimiento orgánico y confianza.","Descubre Layusel.com: nombre premium para marcable, nombre corto y memorable. Corto, memorable y SEO‑ready."
SoloTat.com,brandable_general,SoloTat.com – Nombre de marca premium (Brandable General),"SoloTat.com es un nombre de marca premium para marcable, nombre corto, memorable. Corto, memorable y optimizado para SEO — ideal para crecimiento orgánico y confianza.","Descubre SoloTat.com: nombre premium para marcable, nombre corto y memorable. Corto, memorable y SEO‑ready."
Nesnelita.com,brandable_general,Nesnelita.com – Nombre de marca premium (Brandable General),"Nesnelita.com es un nombre de marca premium para marcable, nombre corto, memorable. Corto, memorable y optimizado para SEO — ideal para crecimiento orgánico y confianza.","Descubre Nesnelita.com: nombre premium para marcable, nombre corto y memorable. Corto, memorable y SEO‑ready."
ChimeSweeps.com,brandable_general,ChimeSweeps.com – Nombre de marca premium (Brandable General),"ChimeSweeps.com es un nombre de marca premium para marcable, nombre corto, memorable. Corto, memorable y optimizado para SEO — ideal para crecimiento orgánico y confianza.","Descubre ChimeSweeps.com: nombre premium para marcable, nombre corto y memorable. Corto, memorable y SEO‑ready."
Joker.menu,brandable_general,Joker.menu – Nombre de marca premium (Brandable General),"Joker.menu es un nombre de marca premium para marcable, nombre corto, memorable. Corto, memorable y optimizado para SEO — ideal para crecimiento orgánico y confianza.","Descubre Joker.menu: nombre premium para marcable, nombre corto y memorable. Corto, memorable y SEO‑ready."
Kulakizi.com,brandable_general,Kulakizi.com – Nombre de marca premium (Brandable General),"Kulakizi.com es un nombre de marca premium para marcable, nombre corto, memorable. Corto, memorable y optimizado para SEO — ideal para crecimiento orgánico y confianza.","Descubre Kulakizi.com: nombre premium para marcable, nombre corto y memorable. Corto, memorable y SEO‑ready."
ElitAnne.com,brandable_general,ElitAnne.com – Nombre de marca premium (Brandable General),"ElitAnne.com es un nombre de marca premium para marcable, nombre corto, memorable. Corto, memorable y optimizado para SEO — ideal para crecimiento orgánico y confianza.","Descubre ElitAnne.com: nombre premium para marcable, nombre corto y memorable. Corto, memorable y SEO‑ready."
Contactless.live,brandable_general,Contactless.live – Nombre de marca premium (Brandable General),"Contactless.live es un nombre de marca premium para marcable, nombre corto, memorable. Corto, memorable y optimizado para SEO — ideal para crecimiento orgánico y confianza.","Descubre Contactless.live: nombre premium para marcable, nombre corto y memorable. Corto, memorable y SEO‑ready."
OnlyMyTime.com,brandable_general,OnlyMyTime.com – Nombre de marca premium (Brandable General),"OnlyMyTime.com es un nombre de marca premium para marcable, nombre corto, memorable. Corto, memorable y optimizado para SEO — ideal para crecimiento orgánico y confianza.","Descubre OnlyMyTime.com: nombre premium para marcable, nombre corto y memorable. Corto, memorable y SEO‑ready."
VitrinIstanbul.com,brandable_general,VitrinIstanbul.com – Nombre de marca premium (Brandable General),"VitrinIstanbul.com es un nombre de marca premium para marcable, nombre corto, memorable. Corto, memorable y optimizado para SEO — ideal para crecimiento orgánico y confianza.","Descubre VitrinIstanbul.com: nombre premium para marcable, nombre corto y memorable. Corto, memorable y SEO‑ready."
BrainsColors.com,brand_agency,BrainsColors.com – Nombre de marca premium (Brand Agency),"BrainsColors.com es un nombre de marca premium para branding, agency, creative. Corto, memorable y optimizado para SEO — ideal para crecimiento orgánico y confianza.","Descubre BrainsColors.com: nombre premium para branding, agency y creative. Corto, memorable y SEO‑ready."
GetToTT.com,brandable_general,GetToTT.com – Nombre de marca premium (Brandable General),"GetToTT.com es un nombre de marca premium para marcable, nombre corto, memorable. Corto, memorable y optimizado para SEO — ideal para crecimiento orgánico y confianza.","Descubre GetToTT.com: nombre premium para marcable, nombre corto y memorable. Corto, memorable y SEO‑ready."
ToggPacific.com,brandable_general,ToggPacific.com – Nombre de marca premium (Brandable General),"ToggPacific.com es un nombre de marca premium para marcable, nombre corto, memorable. Corto, memorable y optimizado para SEO — ideal para crecimiento orgánico y confianza.","Descubre ToggPacific.com: nombre premium para marcable, nombre corto y memorable. Corto, memorable y SEO‑ready."
BigGaga.com,brandable_general,BigGaga.com – Nombre de marca premium (Brandable General),"BigGaga.com es un nombre de marca premium para marcable, nombre corto, memorable. Corto, memorable y optimizado para SEO — ideal para crecimiento orgánico y confianza.","Descubre BigGaga.com: nombre premium para marcable, nombre corto y memorable. Corto, memorable y SEO‑ready."
BackStamp.co,brandable_general,BackStamp.co – Nombre de marca premium (Brandable General),"BackStamp.co es un nombre de marca premium para marcable, nombre corto, memorable. Corto, memorable y optimizado para SEO — ideal para crecimiento orgánico y confianza.","Descubre BackStamp.co: nombre premium para marcable, nombre corto y memorable. Corto, memorable y SEO‑ready."
BoldLend.co,brandable_general,BoldLend.co – Nombre de marca premium (Brandable General),"BoldLend.co es un nombre de marca premium para marcable, nombre corto, memorable. Corto, memorable y optimizado para SEO — ideal para crecimiento orgánico y confianza.","Descubre BoldLend.co: nombre premium para marcable, nombre corto y memorable. Corto, memorable y SEO‑ready."
EliteComfort.co,nature_green,EliteComfort.co – Nombre de marca premium (Nature Green),"EliteComfort.co es un nombre de marca premium para sostenible, eco, naturaleza. Corto, memorable y optimizado para SEO — ideal para crecimiento orgánico y confianza.","Descubre EliteComfort.co: nombre premium para sostenible, eco y naturaleza. Corto, memorable y SEO‑ready."
FaceRepair.co,brandable_general,FaceRepair.co – Nombre de marca premium (Brandable General),"FaceRepair.co es un nombre de marca premium para marcable, nombre corto, memorable. Corto, memorable y optimizado para SEO — ideal para crecimiento orgánico y confianza.","Descubre FaceRepair.co: nombre premium para marcable, nombre corto y memorable. Corto, memorable y SEO‑ready."
GeniusBee.co,brand_agency,GeniusBee.co – Nombre de marca premium (Brand Agency),"GeniusBee.co es un nombre de marca premium para branding, agency, creative. Corto, memorable y optimizado para SEO — ideal para crecimiento orgánico y confianza.","Descubre GeniusBee.co: nombre premium para branding, agency y creative. Corto, memorable y SEO‑ready."
MultiMile.co,brandable_general,MultiMile.co – Nombre de marca premium (Brandable General),"MultiMile.co es un nombre de marca premium para marcable, nombre corto, memorable. Corto, memorable y optimizado para SEO — ideal para crecimiento orgánico y confianza.","Descubre MultiMile.co: nombre premium para marcable, nombre corto y memorable. Corto, memorable y SEO‑ready."
NurseWorks.co,brandable_general,NurseWorks.co – Nombre de marca premium (Brandable General),"NurseWorks.co es un nombre de marca premium para marcable, nombre corto, memorable. Corto, memorable y optimizado para SEO — ideal para crecimiento orgánico y confianza.","Descubre NurseWorks.co: nombre premium para marcable, nombre corto y memorable. Corto, memorable y SEO‑ready."
PeakBuilt.co,brandable_general,PeakBuilt.co – Nombre de marca premium (Brandable General),"PeakBuilt.co es un nombre de marca premium para marcable, nombre corto, memorable. Corto, memorable y optimizado para SEO — ideal para crecimiento orgánico y confianza.","Descubre PeakBuilt.co: nombre premium para marcable, nombre corto y memorable. Corto, memorable y SEO‑ready."
PublicClinic.co,brandable_general,PublicClinic.co – Nombre de marca premium (Brandable General),"PublicClinic.co es un nombre de marca premium para marcable, nombre corto, memorable. Corto, memorable y optimizado para SEO — ideal para crecimiento orgánico y confianza.","Descubre PublicClinic.co: nombre premium para marcable, nombre corto y memorable. Corto, memorable y SEO‑ready."
ShoeSpot.co,brandable_general,ShoeSpot.co – Nombre de marca premium (Brandable General),"ShoeSpot.co es un nombre de marca premium para marcable, nombre corto, memorable. Corto, memorable y optimizado para SEO — ideal para crecimiento orgánico y confianza.","Descubre ShoeSpot.co: nombre premium para marcable, nombre corto y memorable. Corto, memorable y SEO‑ready."
SmartWarranty.co,warranty,SmartWarranty.co – Nombre de marca premium (Warranty),"SmartWarranty.co es un nombre de marca premium para garantía, protección extendida, cobertura. Corto, memorable y optimizado para SEO — ideal para crecimiento orgánico y confianza.","Descubre SmartWarranty.co: nombre premium para garantía, protección extendida y cobertura. Corto, memorable y SEO‑ready."
SolarCharging.co,brandable_general,SolarCharging.co – Nombre de marca premium (Brandable General),"SolarCharging.co es un nombre de marca premium para marcable, nombre corto, memorable. Corto, memorable y optimizado para SEO — ideal para crecimiento orgánico y confianza.","Descubre SolarCharging.co: nombre premium para marcable, nombre corto y memorable. Corto, memorable y SEO‑ready."
SpaTreatments.co,brandable_general,SpaTreatments.co – Nombre de marca premium (Brandable General),"SpaTreatments.co es un nombre de marca premium para marcable, nombre corto, memorable. Corto, memorable y optimizado para SEO — ideal para crecimiento orgánico y confianza.","Descubre SpaTreatments.co: nombre premium para marcable, nombre corto y memorable. Corto, memorable y SEO‑ready."
SuitStore.co,brandable_general,SuitStore.co – Nombre de marca premium (Brandable General),"SuitStore.co es un nombre de marca premium para marcable, nombre corto, memorable. Corto, memorable y optimizado para SEO — ideal para crecimiento orgánico y confianza.","Descubre SuitStore.co: nombre premium para marcable, nombre corto y memorable. Corto, memorable y SEO‑ready."
VirtualSight.co,brandable_general,VirtualSight.co – Nombre de marca premium (Brandable General),"VirtualSight.co es un nombre de marca premium para marcable, nombre corto, memorable. Corto, memorable y optimizado para SEO — ideal para crecimiento orgánico y confianza.","Descubre VirtualSight.co: nombre premium para marcable, nombre corto y memorable. Corto, memorable y SEO‑ready."
TriedCarrier.com,logistics_transport,TriedCarrier.com – Nombre de marca premium (Logistics Transport),"TriedCarrier.com es un nombre de marca premium para logística, transportista, flota. Corto, memorable y optimizado para SEO — ideal para crecimiento orgánico y confianza.","Descubre TriedCarrier.com: nombre premium para logística, transportista y flota. Corto, memorable y SEO‑ready."
TriedDelivery.com,brandable_general,TriedDelivery.com – Nombre de marca premium (Brandable General),"TriedDelivery.com es un nombre de marca premium para marcable, nombre corto, memorable. Corto, memorable y optimizado para SEO — ideal para crecimiento orgánico y confianza.","Descubre TriedDelivery.com: nombre premium para marcable, nombre corto y memorable. Corto, memorable y SEO‑ready."
Lebabet.com,brandable_general,Lebabet.com – Nombre de marca premium (Brandable General),"Lebabet.com es un nombre de marca premium para marcable, nombre corto, memorable. Corto, memorable y optimizado para SEO — ideal para crecimiento orgánico y confianza.","Descubre Lebabet.com: nombre premium para marcable, nombre corto y memorable. Corto, memorable y SEO‑ready."
WhiteScut.com,brandable_general,WhiteScut.com – Nombre de marca premium (Brandable General),"WhiteScut.com es un nombre de marca premium para marcable, nombre corto, memorable. Corto, memorable y optimizado para SEO — ideal para crecimiento orgánico y confianza.","Descubre WhiteScut.com: nombre premium para marcable, nombre corto y memorable. Corto, memorable y SEO‑ready."
Aleyh.com,brandable_general,Aleyh.com – Nombre de marca premium (Brandable General),"Aleyh.com es un nombre de marca premium para marcable, nombre corto, memorable. Corto, memorable y optimizado para SEO — ideal para crecimiento orgánico y confianza.","Descubre Aleyh.com: nombre premium para marcable, nombre corto y memorable. Corto, memorable y SEO‑ready."
CNPQ.org,brandable_general,CNPQ.org – Nombre de marca premium (Brandable General),"CNPQ.org es un nombre de marca premium para marcable, nombre corto, memorable. Corto, memorable y optimizado para SEO — ideal para crecimiento orgánico y confianza.","Descubre CNPQ.org: nombre premium para marcable, nombre corto y memorable. Corto, memorable y SEO‑ready."
UsherMore.com,brandable_general,UsherMore.com – Nombre de marca premium (Brandable General),"UsherMore.com es un nombre de marca premium para marcable, nombre corto, memorable. Corto, memorable y optimizado para SEO — ideal para crecimiento orgánico y confianza.","Descubre UsherMore.com: nombre premium para marcable, nombre corto y memorable. Corto, memorable y SEO‑ready."
Zikrullah.com,brandable_general,Zikrullah.com – Nombre de marca premium (Brandable General),"Zikrullah.com es un nombre de marca premium para marcable, nombre corto, memorable. Corto, memorable y optimizado para SEO — ideal para crecimiento orgánico y confianza.","Descubre Zikrullah.com: nombre premium para marcable, nombre corto y memorable. Corto, memorable y SEO‑ready."
Vakit.org,brandable_general,Vakit.org – Nombre de marca premium (Brandable General),"Vakit.org es un nombre de marca premium para marcable, nombre corto, memorable. Corto, memorable y optimizado para SEO — ideal para crecimiento orgánico y confianza.","Descubre Vakit.org: nombre premium para marcable, nombre corto y memorable. Corto, memorable y SEO‑ready."
AimDD.com,brandable_general,AimDD.com – Nombre de marca premium (Brandable General),"AimDD.com es un nombre de marca premium para marcable, nombre corto, memorable. Corto, memorable y optimizado para SEO — ideal para crecimiento orgánico y confianza.","Descubre AimDD.com: nombre premium para marcable, nombre corto y memorable. Corto, memorable y SEO‑ready."
mPAYm.com,brandable_general,mPAYm.com – Nombre de marca premium (Brandable General),"mPAYm.com es un nombre de marca premium para marcable, nombre corto, memorable. Corto, memorable y optimizado para SEO — ideal para crecimiento orgánico y confianza.","Descubre mPAYm.com: nombre premium para marcable, nombre corto y memorable. Corto, memorable y SEO‑ready."
GoGode.com,brandable_general,GoGode.com – Nombre de marca premium (Brandable General),"GoGode.com es un nombre de marca premium para marcable, nombre corto, memorable. Corto, memorable y optimizado para SEO — ideal para crecimiento orgánico y confianza.","Descubre GoGode.com: nombre premium para marcable, nombre corto y memorable. Corto, memorable y SEO‑ready."
TTSus.com,brandable_general,TTSus.com – Nombre de marca premium (Brandable General),"TTSus.com es un nombre de marca premium para marcable, nombre corto, memorable. Corto, memorable y optimizado para SEO — ideal para crecimiento orgánico y confianza.","Descubre TTSus.com: nombre premium para marcable, nombre corto y memorable. Corto, memorable y SEO‑ready."
Oemec.com,brandable_general,Oemec.com – Nombre de marca premium (Brandable General),"Oemec.com es un nombre de marca premium para marcable, nombre corto, memorable. Corto, memorable y optimizado para SEO — ideal para crecimiento orgánico y confianza.","Descubre Oemec.com: nombre premium para marcable, nombre corto y memorable. Corto, memorable y SEO‑ready."
Padga.com,brandable_general,Padga.com – Nombre de marca premium (Brandable General),"Padga.com es un nombre de marca premium para marcable, nombre corto, memorable. Corto, memorable y optimizado para SEO — ideal para crecimiento orgánico y confianza.","Descubre Padga.com: nombre premium para marcable, nombre corto y memorable. Corto, memorable y SEO‑ready."
TatilSpotu.com,brandable_general,TatilSpotu.com – Nombre de marca premium (Brandable General),"TatilSpotu.com es un nombre de marca premium para marcable, nombre corto, memorable. Corto, memorable y optimizado para SEO — ideal para crecimiento orgánico y confianza.","Descubre TatilSpotu.com: nombre premium para marcable, nombre corto y memorable. Corto, memorable y SEO‑ready."
MirRoo.com,brandable_general,MirRoo.com – Nombre de marca premium (Brandable General),"MirRoo.com es un nombre de marca premium para marcable, nombre corto, memorable. Corto, memorable y optimizado para SEO — ideal para crecimiento orgánico y confianza.","Descubre MirRoo.com: nombre premium para marcable, nombre corto y memorable. Corto, memorable y SEO‑ready."
SozLux.com,brandable_general,SozLux.com – Nombre de marca premium (Brandable General),"SozLux.com es un nombre de marca premium para marcable, nombre corto, memorable. Corto, memorable y optimizado para SEO — ideal para crecimiento orgánico y confianza.","Descubre SozLux.com: nombre premium para marcable, nombre corto y memorable. Corto, memorable y SEO‑ready."
PanelAxis.com,saas_dashboard,PanelAxis.com – Nombre de marca premium (Saas Dashboard),"PanelAxis.com es un nombre de marca premium para SaaS, panel, software B2B. Corto, memorable y optimizado para SEO — ideal para crecimiento orgánico y confianza.","Descubre PanelAxis.com: nombre premium para SaaS, panel y software B2B. Corto, memorable y SEO‑ready."
MentorTiger.com,animals_strength,MentorTiger.com – Nombre de marca premium (Animals Strength),"MentorTiger.com es un nombre de marca premium para fitness, outdoor, liderazgo. Corto, memorable y optimizado para SEO — ideal para crecimiento orgánico y confianza.","Descubre MentorTiger.com: nombre premium para fitness, outdoor y liderazgo. Corto, memorable y SEO‑ready."
SuperWavy.com,brandable_general,SuperWavy.com – Nombre de marca premium (Brandable General),"SuperWavy.com es un nombre de marca premium para marcable, nombre corto, memorable. Corto, memorable y optimizado para SEO — ideal para crecimiento orgánico y confianza.","Descubre SuperWavy.com: nombre premium para marcable, nombre corto y memorable. Corto, memorable y SEO‑ready."
Zivto.com,brandable_general,Zivto.com – Nombre de marca premium (Brandable General),"Zivto.com es un nombre de marca premium para marcable, nombre corto, memorable. Corto, memorable y optimizado para SEO — ideal para crecimiento orgánico y confianza.","Descubre Zivto.com: nombre premium para marcable, nombre corto y memorable. Corto, memorable y SEO‑ready."
FlavorOrbit.com,food_snack,FlavorOrbit.com – Nombre de marca premium (Food Snack),"FlavorOrbit.com es un nombre de marca premium para snacks, marca de comida, delivery. Corto, memorable y optimizado para SEO — ideal para crecimiento orgánico y confianza.","Descubre FlavorOrbit.com: nombre premium para snacks, marca de comida y delivery. Corto, memorable y SEO‑ready."
NiceLush.com,health_diet,NiceLush.com – Nombre de marca premium (Health Diet),"NiceLush.com es un nombre de marca premium para dieta saludable, nutrición, bienestar. Corto, memorable y optimizado para SEO — ideal para crecimiento orgánico y confianza.","Descubre NiceLush.com: nombre premium para dieta saludable, nutrición y bienestar. Corto, memorable y SEO‑ready."
SnackOrbit.com,food_snack,SnackOrbit.com – Nombre de marca premium (Food Snack),"SnackOrbit.com es un nombre de marca premium para snacks, marca de comida, delivery. Corto, memorable y optimizado para SEO — ideal para crecimiento orgánico y confianza.","Descubre SnackOrbit.com: nombre premium para snacks, marca de comida y delivery. Corto, memorable y SEO‑ready."
CardioBear.com,health_diet,CardioBear.com – Nombre de marca premium (Health Diet),"CardioBear.com es un nombre de marca premium para dieta saludable, nutrición, bienestar. Corto, memorable y optimizado para SEO — ideal para crecimiento orgánico y confianza.","Descubre CardioBear.com: nombre premium para dieta saludable, nutrición y bienestar. Corto, memorable y SEO‑ready."
VUY.io,brandable_general,VUY.io – Nombre de marca premium (Brandable General),"VUY.io es un nombre de marca premium para marcable, nombre corto, memorable. Corto, memorable y optimizado para SEO — ideal para crecimiento orgánico y confianza.","Descubre VUY.io: nombre premium para marcable, nombre corto y memorable. Corto, memorable y SEO‑ready."
AVRI.net,brandable_general,AVRI.net – Nombre de marca premium (Brandable General),"AVRI.net es un nombre de marca premium para marcable, nombre corto, memorable. Corto, memorable y optimizado para SEO — ideal para crecimiento orgánico y confianza.","Descubre AVRI.net: nombre premium para marcable, nombre corto y memorable. Corto, memorable y SEO‑ready."
USNA.net,brandable_general,USNA.net – Nombre de marca premium (Brandable General),"USNA.net es un nombre de marca premium para marcable, nombre corto, memorable. Corto, memorable y optimizado para SEO — ideal para crecimiento orgánico y confianza.","Descubre USNA.net: nombre premium para marcable, nombre corto y memorable. Corto, memorable y SEO‑ready."
SBR.net,brandable_general,SBR.net – Nombre de marca premium (Brandable General),"SBR.net es un nombre de marca premium para marcable, nombre corto, memorable. Corto, memorable y optimizado para SEO — ideal para crecimiento orgánico y confianza.","Descubre SBR.net: nombre premium para marcable, nombre corto y memorable. Corto, memorable y SEO‑ready."
WordEntry.com,trend_analytics,WordEntry.com – Nombre de marca premium (Trend Analytics),"WordEntry.com es un nombre de marca premium para analítica, datos, tendencias. Corto, memorable y optimizado para SEO — ideal para crecimiento orgánico y confianza.","Descubre WordEntry.com: nombre premium para analítica, datos y tendencias. Corto, memorable y SEO‑ready."
HairToCare.com,brandable_general,HairToCare.com – Nombre de marca premium (Brandable General),"HairToCare.com es un nombre de marca premium para marcable, nombre corto, memorable. Corto, memorable y optimizado para SEO — ideal para crecimiento orgánico y confianza.","Descubre HairToCare.com: nombre premium para marcable, nombre corto y memorable. Corto, memorable y SEO‑ready."
HitRegion.com,trend_analytics,HitRegion.com – Nombre de marca premium (Trend Analytics),"HitRegion.com es un nombre de marca premium para analítica, datos, tendencias. Corto, memorable y optimizado para SEO — ideal para crecimiento orgánico y confianza.","Descubre HitRegion.com: nombre premium para analítica, datos y tendencias. Corto, memorable y SEO‑ready."
UYFE.com,brandable_general,UYFE.com – Nombre de marca premium (Brandable General),"UYFE.com es un nombre de marca premium para marcable, nombre corto, memorable. Corto, memorable y optimizado para SEO — ideal para crecimiento orgánico y confianza.","Descubre UYFE.com: nombre premium para marcable, nombre corto y memorable. Corto, memorable y SEO‑ready."
Batyal.com,brandable_general,Batyal.com – Nombre de marca premium (Brandable General),"Batyal.com es un nombre de marca premium para marcable, nombre corto, memorable. Corto, memorable y optimizado para SEO — ideal para crecimiento orgánico y confianza.","Descubre Batyal.com: nombre premium para marcable, nombre corto y memorable. Corto, memorable y SEO‑ready."
OldLogic.com,trend_analytics,OldLogic.com – Nombre de marca premium (Trend Analytics),"OldLogic.com es un nombre de marca premium para analítica, datos, tendencias. Corto, memorable y optimizado para SEO — ideal para crecimiento orgánico y confianza.","Descubre OldLogic.com: nombre premium para analítica, datos y tendencias. Corto, memorable y SEO‑ready."
BonnyDiet.com,health_diet,BonnyDiet.com – Nombre de marca premium (Health Diet),"BonnyDiet.com es un nombre de marca premium para dieta saludable, nutrición, bienestar. Corto, memorable y optimizado para SEO — ideal para crecimiento orgánico y confianza.","Descubre BonnyDiet.com: nombre premium para dieta saludable, nutrición y bienestar. Corto, memorable y SEO‑ready."
Nadyo.com,brandable_general,Nadyo.com – Nombre de marca premium (Brandable General),"Nadyo.com es un nombre de marca premium para marcable, nombre corto, memorable. Corto, memorable y optimizado para SEO — ideal para crecimiento orgánico y confianza.","Descubre Nadyo.com: nombre premium para marcable, nombre corto y memorable. Corto, memorable y SEO‑ready."
Bipna.com,brandable_general,Bipna.com – Nombre de marca premium (Brandable General),"Bipna.com es un nombre de marca premium para marcable, nombre corto, memorable. Corto, memorable y optimizado para SEO — ideal para crecimiento orgánico y confianza.","Descubre Bipna.com: nombre premium para marcable, nombre corto y memorable. Corto, memorable y SEO‑ready."
SweetSkirt.com,brandable_general,SweetSkirt.com – Nombre de marca premium (Brandable General),"SweetSkirt.com es un nombre de marca premium para marcable, nombre corto, memorable. Corto, memorable y optimizado para SEO — ideal para crecimiento orgánico y confianza.","Descubre SweetSkirt.com: nombre premium para marcable, nombre corto y memorable. Corto, memorable y SEO‑ready."
Elfida.com,brandable_general,Elfida.com – Nombre de marca premium (Brandable General),"Elfida.com es un nombre de marca premium para marcable, nombre corto, memorable. Corto, memorable y optimizado para SEO — ideal para crecimiento orgánico y confianza.","Descubre Elfida.com: nombre premium para marcable, nombre corto y memorable. Corto, memorable y SEO‑ready."
HideDocs.com,security_privacy,HideDocs.com – Nombre de marca premium (Security Privacy),"HideDocs.com es un nombre de marca premium para ciberseguridad, privacidad, bóveda. Corto, memorable y optimizado para SEO — ideal para crecimiento orgánico y confianza.","Descubre HideDocs.com: nombre premium para ciberseguridad, privacidad y bóveda. Corto, memorable y SEO‑ready."
ToggTeam.com,brandable_general,ToggTeam.com – Nombre de marca premium (Brandable General),"ToggTeam.com es un nombre de marca premium para marcable, nombre corto, memorable. Corto, memorable y optimizado para SEO — ideal para crecimiento orgánico y confianza.","Descubre ToggTeam.com: nombre premium para marcable, nombre corto y memorable. Corto, memorable y SEO‑ready."
Belenay.com,brandable_general,Belenay.com – Nombre de marca premium (Brandable General),"Belenay.com es un nombre de marca premium para marcable, nombre corto, memorable. Corto, memorable y optimizado para SEO — ideal para crecimiento orgánico y confianza.","Descubre Belenay.com: nombre premium para marcable, nombre corto y memorable. Corto, memorable y SEO‑ready."
LuckLack.com,brandable_general,LuckLack.com – Nombre de marca premium (Brandable General),"LuckLack.com es un nombre de marca premium para marcable, nombre corto, memorable. Corto, memorable y optimizado para SEO — ideal para crecimiento orgánico y confianza.","Descubre LuckLack.com: nombre premium para marcable, nombre corto y memorable. Corto, memorable y SEO‑ready."
DoSlush.com,health_diet,DoSlush.com – Nombre de marca premium (Health Diet),"DoSlush.com es un nombre de marca premium para dieta saludable, nutrición, bienestar. Corto, memorable y optimizado para SEO — ideal para crecimiento orgánico y confianza.","Descubre DoSlush.com: nombre premium para dieta saludable, nutrición y bienestar. Corto, memorable y SEO‑ready."
Melkut.com,brandable_general,Melkut.com – Nombre de marca premium (Brandable General),"Melkut.com es un nombre de marca premium para marcable, nombre corto, memorable. Corto, memorable y optimizado para SEO — ideal para crecimiento orgánico y confianza.","Descubre Melkut.com: nombre premium para marcable, nombre corto y memorable. Corto, memorable y SEO‑ready."
Doslash.com,brandable_general,Doslash.com – Nombre de marca premium (Brandable General),"Doslash.com es un nombre de marca premium para marcable, nombre corto, memorable. Corto, memorable y optimizado para SEO — ideal para crecimiento orgánico y confianza.","Descubre Doslash.com: nombre premium para marcable, nombre corto y memorable. Corto, memorable y SEO‑ready."
ActiveStamp.com,brandable_general,ActiveStamp.com – Nombre de marca premium (Brandable General),"ActiveStamp.com es un nombre de marca premium para marcable, nombre corto, memorable. Corto, memorable y optimizado para SEO — ideal para crecimiento orgánico y confianza.","Descubre ActiveStamp.com: nombre premium para marcable, nombre corto y memorable. Corto, memorable y SEO‑ready."
WellWhet.com,health_diet,WellWhet.com – Nombre de marca premium (Health Diet),"WellWhet.com es un nombre de marca premium para dieta saludable, nutrición, bienestar. Corto, memorable y optimizado para SEO — ideal para crecimiento orgánico y confianza.","Descubre WellWhet.com: nombre premium para dieta saludable, nutrición y bienestar. Corto, memorable y SEO‑ready."
BetterWolf.com,animals_strength,BetterWolf.com – Nombre de marca premium (Animals Strength),"BetterWolf.com es un nombre de marca premium para fitness, outdoor, liderazgo. Corto, memorable y optimizado para SEO — ideal para crecimiento orgánico y confianza.","Descubre BetterWolf.com: nombre premium para fitness, outdoor y liderazgo. Corto, memorable y SEO‑ready."
ForeverActive.co,brandable_general,ForeverActive.co – Nombre de marca premium (Brandable General),"ForeverActive.co es un nombre de marca premium para marcable, nombre corto, memorable. Corto, memorable y optimizado para SEO — ideal para crecimiento orgánico y confianza.","Descubre ForeverActive.co: nombre premium para marcable, nombre corto y memorable. Corto, memorable y SEO‑ready."
NatureBased.co,nature_green,NatureBased.co – Nombre de marca premium (Nature Green),"NatureBased.co es un nombre de marca premium para sostenible, eco, naturaleza. Corto, memorable y optimizado para SEO — ideal para crecimiento orgánico y confianza.","Descubre NatureBased.co: nombre premium para sostenible, eco y naturaleza. Corto, memorable y SEO‑ready."
ReCarrier.com,logistics_transport,ReCarrier.com – Nombre de marca premium (Logistics Transport),"ReCarrier.com es un nombre de marca premium para logística, transportista, flota. Corto, memorable y optimizado para SEO — ideal para crecimiento orgánico y confianza.","Descubre ReCarrier.com: nombre premium para logística, transportista y flota. Corto, memorable y SEO‑ready."
BoldWarranty.com,warranty,BoldWarranty.com – Nombre de marca premium (Warranty),"BoldWarranty.com es un nombre de marca premium para garantía, protección extendida, cobertura. Corto, memorable y optimizado para SEO — ideal para crecimiento orgánico y confianza.","Descubre BoldWarranty.com: nombre premium para garantía, protección extendida y cobertura. Corto, memorable y SEO‑ready."
BrightWarranty.com,warranty,BrightWarranty.com – Nombre de marca premium (Warranty),"BrightWarranty.com es un nombre de marca premium para garantía, protección extendida, cobertura. Corto, memorable y optimizado para SEO — ideal para crecimiento orgánico y confianza.","Descubre BrightWarranty.com: nombre premium para garantía, protección extendida y cobertura. Corto, memorable y SEO‑ready."
GorgeousEstate.com,real_estate,GorgeousEstate.com – Nombre de marca premium (Real Estate),"GorgeousEstate.com es un nombre de marca premium para inmobiliario, proptech, lujo. Corto, memorable y optimizado para SEO — ideal para crecimiento orgánico y confianza.","Descubre GorgeousEstate.com: nombre premium para inmobiliario, proptech y lujo. Corto, memorable y SEO‑ready."
SwirlFox.com,animals_strength,SwirlFox.com – Nombre de marca premium (Animals Strength),"SwirlFox.com es un nombre de marca premium para fitness, outdoor, liderazgo. Corto, memorable y optimizado para SEO — ideal para crecimiento orgánico y confianza.","Descubre SwirlFox.com: nombre premium para fitness, outdoor y liderazgo. Corto, memorable y SEO‑ready."
VortexBee.com,brandable_general,VortexBee.com – Nombre de marca premium (Brandable General),"VortexBee.com es un nombre de marca premium para marcable, nombre corto, memorable. Corto, memorable y optimizado para SEO — ideal para crecimiento orgánico y confianza.","Descubre VortexBee.com: nombre premium para marcable, nombre corto y memorable. Corto, memorable y SEO‑ready."
UMZ.io,brandable_general,UMZ.io – Nombre de marca premium (Brandable General),"UMZ.io es un nombre de marca premium para marcable, nombre corto, memorable. Corto, memorable y optimizado para SEO — ideal para crecimiento orgánico y confianza.","Descubre UMZ.io: nombre premium para marcable, nombre corto y memorable. Corto, memorable y SEO‑ready."
Superluminosity.com,trend_analytics,Superluminosity.com – Nombre de marca premium (Trend Analytics),"Superluminosity.com es un nombre de marca premium para analítica, datos, tendencias. Corto, memorable y optimizado para SEO — ideal para crecimiento orgánico y confianza.","Descubre Superluminosity.com: nombre premium para analítica, datos y tendencias. Corto, memorable y SEO‑ready."
Hulgum.com,brandable_general,Hulgum.com – Nombre de marca premium (Brandable General),"Hulgum.com es un nombre de marca premium para marcable, nombre corto, memorable. Corto, memorable y optimizado para SEO — ideal para crecimiento orgánico y confianza.","Descubre Hulgum.com: nombre premium para marcable, nombre corto y memorable. Corto, memorable y SEO‑ready."
WorkBison.com,animals_strength,WorkBison.com – Nombre de marca premium (Animals Strength),"WorkBison.com es un nombre de marca premium para fitness, outdoor, liderazgo. Corto, memorable y optimizado para SEO — ideal para crecimiento orgánico y confianza.","Descubre WorkBison.com: nombre premium para fitness, outdoor y liderazgo. Corto, memorable y SEO‑ready."
DEEB.co,brandable_general,DEEB.co – Nombre de marca premium (Brandable General),"DEEB.co es un nombre de marca premium para marcable, nombre corto, memorable. Corto, memorable y optimizado para SEO — ideal para crecimiento orgánico y confianza.","Descubre DEEB.co: nombre premium para marcable, nombre corto y memorable. Corto, memorable y SEO‑ready."
DormantEnergy.com,brandable_general,DormantEnergy.com – Nombre de marca premium (Brandable General),"DormantEnergy.com es un nombre de marca premium para marcable, nombre corto, memorable. Corto, memorable y optimizado para SEO — ideal para crecimiento orgánico y confianza.","Descubre DormantEnergy.com: nombre premium para marcable, nombre corto y memorable. Corto, memorable y SEO‑ready."
RavenTour.com,music_audio,RavenTour.com – Nombre de marca premium (Music Audio),"RavenTour.com es un nombre de marca premium para IA musical, software de audio, sound design. Corto, memorable y optimizado para SEO — ideal para crecimiento orgánico y confianza.","Descubre RavenTour.com: nombre premium para IA musical, software de audio y sound design. Corto, memorable y SEO‑ready."
FlavorPilot.com,food_snack,FlavorPilot.com – Nombre de marca premium (Food Snack),"FlavorPilot.com es un nombre de marca premium para snacks, marca de comida, delivery. Corto, memorable y optimizado para SEO — ideal para crecimiento orgánico y confianza.","Descubre FlavorPilot.com: nombre premium para snacks, marca de comida y delivery. Corto, memorable y SEO‑ready."
PumaAxis.com,saas_dashboard,PumaAxis.com – Nombre de marca premium (Saas Dashboard),"PumaAxis.com es un nombre de marca premium para SaaS, panel, software B2B. Corto, memorable y optimizado para SEO — ideal para crecimiento orgánico y confianza.","Descubre PumaAxis.com: nombre premium para SaaS, panel y software B2B. Corto, memorable y SEO‑ready."
AxisSeven.com,saas_dashboard,AxisSeven.com – Nombre de marca premium (Saas Dashboard),"AxisSeven.com es un nombre de marca premium para SaaS, panel, software B2B. Corto, memorable y optimizado para SEO — ideal para crecimiento orgánico y confianza.","Descubre AxisSeven.com: nombre premium para SaaS, panel y software B2B. Corto, memorable y SEO‑ready."
Wellsix.com,health_diet,Wellsix.com – Nombre de marca premium (Health Diet),"Wellsix.com es un nombre de marca premium para dieta saludable, nutrición, bienestar. Corto, memorable y optimizado para SEO — ideal para crecimiento orgánico y confianza.","Descubre Wellsix.com: nombre premium para dieta saludable, nutrición y bienestar. Corto, memorable y SEO‑ready."
Dronefive.com,drone_tech,Dronefive.com – Nombre de marca premium (Drone Tech),"Dronefive.com es un nombre de marca premium para drones, aéreo, cartografía. Corto, memorable y optimizado para SEO — ideal para crecimiento orgánico y confianza.","Descubre Dronefive.com: nombre premium para drones, aéreo y cartografía. Corto, memorable y SEO‑ready."
SwankBee.com,brandable_general,SwankBee.com – Nombre de marca premium (Brandable General),"SwankBee.com es un nombre de marca premium para marcable, nombre corto, memorable. Corto, memorable y optimizado para SEO — ideal para crecimiento orgánico y confianza.","Descubre SwankBee.com: nombre premium para marcable, nombre corto y memorable. Corto, memorable y SEO‑ready."
SoftRaven.com,music_audio,SoftRaven.com – Nombre de marca premium (Music Audio),"SoftRaven.com es un nombre de marca premium para IA musical, software de audio, sound design. Corto, memorable y optimizado para SEO — ideal para crecimiento orgánico y confianza.","Descubre SoftRaven.com: nombre premium para IA musical, software de audio y sound design. Corto, memorable y SEO‑ready."
OrbitTwo.com,nature_green,OrbitTwo.com – Nombre de marca premium (Nature Green),"OrbitTwo.com es un nombre de marca premium para sostenible, eco, naturaleza. Corto, memorable y optimizado para SEO — ideal para crecimiento orgánico y confianza.","Descubre OrbitTwo.com: nombre premium para sostenible, eco y naturaleza. Corto, memorable y SEO‑ready."
OwlSnack.com,music_audio,OwlSnack.com – Nombre de marca premium (Music Audio),"OwlSnack.com es un nombre de marca premium para IA musical, software de audio, sound design. Corto, memorable y optimizado para SEO — ideal para crecimiento orgánico y confianza.","Descubre OwlSnack.com: nombre premium para IA musical, software de audio y sound design. Corto, memorable y SEO‑ready."
VaultTrend.com,trend_analytics,VaultTrend.com – Nombre de marca premium (Trend Analytics),"VaultTrend.com es un nombre de marca premium para analítica, datos, tendencias. Corto, memorable y optimizado para SEO — ideal para crecimiento orgánico y confianza.","Descubre VaultTrend.com: nombre premium para analítica, datos y tendencias. Corto, memorable y SEO‑ready."
MetroGist.com,trend_analytics,MetroGist.com – Nombre de marca premium (Trend Analytics),"MetroGist.com es un nombre de marca premium para analítica, datos, tendencias. Corto, memorable y optimizado para SEO — ideal para crecimiento orgánico y confianza.","Descubre MetroGist.com: nombre premium para analítica, datos y tendencias. Corto, memorable y SEO‑ready."
NextVisor.com,saas_dashboard,NextVisor.com – Nombre de marca premium (Saas Dashboard),"NextVisor.com es un nombre de marca premium para SaaS, panel, software B2B. Corto, memorable y optimizado para SEO — ideal para crecimiento orgánico y confianza.","Descubre NextVisor.com: nombre premium para SaaS, panel y software B2B. Corto, memorable y SEO‑ready."
CapacityOne.com,brandable_general,CapacityOne.com – Nombre de marca premium (Brandable General),"CapacityOne.com es un nombre de marca premium para marcable, nombre corto, memorable. Corto, memorable y optimizado para SEO — ideal para crecimiento orgánico y confianza.","Descubre CapacityOne.com: nombre premium para marcable, nombre corto y memorable. Corto, memorable y SEO‑ready."
Suvary.com,brandable_general,Suvary.com – Nombre de marca premium (Brandable General),"Suvary.com es un nombre de marca premium para marcable, nombre corto, memorable. Corto, memorable y optimizado para SEO — ideal para crecimiento orgánico y confianza.","Descubre Suvary.com: nombre premium para marcable, nombre corto y memorable. Corto, memorable y SEO‑ready."
LeaderBulk.com,brandable_general,LeaderBulk.com – Nombre de marca premium (Brandable General),"LeaderBulk.com es un nombre de marca premium para marcable, nombre corto, memorable. Corto, memorable y optimizado para SEO — ideal para crecimiento orgánico y confianza.","Descubre LeaderBulk.com: nombre premium para marcable, nombre corto y memorable. Corto, memorable y SEO‑ready."
BrandCubic.com,brand_agency,BrandCubic.com – Nombre de marca premium (Brand Agency),"BrandCubic.com es un nombre de marca premium para branding, agency, creative. Corto, memorable y optimizado para SEO — ideal para crecimiento orgánico y confianza.","Descubre BrandCubic.com: nombre premium para branding, agency y creative. Corto, memorable y SEO‑ready."
BirdEars.com,brandable_general,BirdEars.com – Nombre de marca premium (Brandable General),"BirdEars.com es un nombre de marca premium para marcable, nombre corto, memorable. Corto, memorable y optimizado para SEO — ideal para crecimiento orgánico y confianza.","Descubre BirdEars.com: nombre premium para marcable, nombre corto y memorable. Corto, memorable y SEO‑ready."
BeeProbe.com,brandable_general,BeeProbe.com – Nombre de marca premium (Brandable General),"BeeProbe.com es un nombre de marca premium para marcable, nombre corto, memorable. Corto, memorable y optimizado para SEO — ideal para crecimiento orgánico y confianza.","Descubre BeeProbe.com: nombre premium para marcable, nombre corto y memorable. Corto, memorable y SEO‑ready."
BeViews.com,brandable_general,BeViews.com – Nombre de marca premium (Brandable General),"BeViews.com es un nombre de marca premium para marcable, nombre corto, memorable. Corto, memorable y optimizado para SEO — ideal para crecimiento orgánico y confianza.","Descubre BeViews.com: nombre premium para marcable, nombre corto y memorable. Corto, memorable y SEO‑ready."
JointCup.com,brandable_general,JointCup.com – Nombre de marca premium (Brandable General),"JointCup.com es un nombre de marca premium para marcable, nombre corto, memorable. Corto, memorable y optimizado para SEO — ideal para crecimiento orgánico y confianza.","Descubre JointCup.com: nombre premium para marcable, nombre corto y memorable. Corto, memorable y SEO‑ready."
PumpLeaf.com,food_snack,PumpLeaf.com – Nombre de marca premium (Food Snack),"PumpLeaf.com es un nombre de marca premium para snacks, marca de comida, delivery. Corto, memorable y optimizado para SEO — ideal para crecimiento orgánico y confianza.","Descubre PumpLeaf.com: nombre premium para snacks, marca de comida y delivery. Corto, memorable y SEO‑ready."
IXAZ.com,brandable_general,IXAZ.com – Nombre de marca premium (Brandable General),"IXAZ.com es un nombre de marca premium para marcable, nombre corto, memorable. Corto, memorable y optimizado para SEO — ideal para crecimiento orgánico y confianza.","Descubre IXAZ.com: nombre premium para marcable, nombre corto y memorable. Corto, memorable y SEO‑ready."
Kwoy.com,brandable_general,Kwoy.com – Nombre de marca premium (Brandable General),"Kwoy.com es un nombre de marca premium para marcable, nombre corto, memorable. Corto, memorable y optimizado para SEO — ideal para crecimiento orgánico y confianza.","Descubre Kwoy.com: nombre premium para marcable, nombre corto y memorable. Corto, memorable y SEO‑ready."
Ago.me,brandable_general,Ago.me – Nombre de marca premium (Brandable General),"Ago.me es un nombre de marca premium para marcable, nombre corto, memorable. Corto, memorable y optimizado para SEO — ideal para crecimiento orgánico y confianza.","Descubre Ago.me: nombre premium para marcable, nombre corto y memorable. Corto, memorable y SEO‑ready."
AxisPanel.com,saas_dashboard,AxisPanel.com – Nombre de marca premium (Saas Dashboard),"AxisPanel.com es un nombre de marca premium para SaaS, panel, software B2B. Corto, memorable y optimizado para SEO — ideal para crecimiento orgánico y confianza.","Descubre AxisPanel.com: nombre premium para SaaS, panel y software B2B. Corto, memorable y SEO‑ready."
NutAxis.com,saas_dashboard,NutAxis.com – Nombre de marca premium (Saas Dashboard),"NutAxis.com es un nombre de marca premium para SaaS, panel, software B2B. Corto, memorable y optimizado para SEO — ideal para crecimiento orgánico y confianza.","Descubre NutAxis.com: nombre premium para SaaS, panel y software B2B. Corto, memorable y SEO‑ready."
BurgerOrbit.com,food_snack,BurgerOrbit.com – Nombre de marca premium (Food Snack),"BurgerOrbit.com es un nombre de marca premium para snacks, marca de comida, delivery. Corto, memorable y optimizado para SEO — ideal para crecimiento orgánico y confianza.","Descubre BurgerOrbit.com: nombre premium para snacks, marca de comida y delivery. Corto, memorable y SEO‑ready."
Insurens.com,insurance,Insurens.com – Nombre de marca premium (Insurance),"Insurens.com es un nombre de marca premium para seguros, insurtech, cobertura. Corto, memorable y optimizado para SEO — ideal para crecimiento orgánico y confianza.","Descubre Insurens.com: nombre premium para seguros, insurtech y cobertura. Corto, memorable y SEO‑ready."
Foxfuze.com,animals_strength,Foxfuze.com – Nombre de marca premium (Animals Strength),"Foxfuze.com es un nombre de marca premium para fitness, outdoor, liderazgo. Corto, memorable y optimizado para SEO — ideal para crecimiento orgánico y confianza.","Descubre Foxfuze.com: nombre premium para fitness, outdoor y liderazgo. Corto, memorable y SEO‑ready."
VillaTiger.com,real_estate,VillaTiger.com – Nombre de marca premium (Real Estate),"VillaTiger.com es un nombre de marca premium para inmobiliario, proptech, lujo. Corto, memorable y optimizado para SEO — ideal para crecimiento orgánico y confianza.","Descubre VillaTiger.com: nombre premium para inmobiliario, proptech y lujo. Corto, memorable y SEO‑ready."
DiligentFox.com,animals_strength,DiligentFox.com – Nombre de marca premium (Animals Strength),"DiligentFox.com es un nombre de marca premium para fitness, outdoor, liderazgo. Corto, memorable y optimizado para SEO — ideal para crecimiento orgánico y confianza.","Descubre DiligentFox.com: nombre premium para fitness, outdoor y liderazgo. Corto, memorable y SEO‑ready."
SquadDefend.com,security_privacy,SquadDefend.com – Nombre de marca premium (Security Privacy),"SquadDefend.com es un nombre de marca premium para ciberseguridad, privacidad, bóveda. Corto, memorable y optimizado para SEO — ideal para crecimiento orgánico y confianza.","Descubre SquadDefend.com: nombre premium para ciberseguridad, privacidad y bóveda. Corto, memorable y SEO‑ready."
Fullbison.com,animals_strength,Fullbison.com – Nombre de marca premium (Animals Strength),"Fullbison.com es un nombre de marca premium para fitness, outdoor, liderazgo. Corto, memorable y optimizado para SEO — ideal para crecimiento orgánico y confianza.","Descubre Fullbison.com: nombre premium para fitness, outdoor y liderazgo. Corto, memorable y SEO‑ready."
Beslan.com,brandable_general,Beslan.com – Nombre de marca premium (Brandable General),"Beslan.com es un nombre de marca premium para marcable, nombre corto, memorable. Corto, memorable y optimizado para SEO — ideal para crecimiento orgánico y confianza.","Descubre Beslan.com: nombre premium para marcable, nombre corto y memorable. Corto, memorable y SEO‑ready."
Bapup.com,brandable_general,Bapup.com – Nombre de marca premium (Brandable General),"Bapup.com es un nombre de marca premium para marcable, nombre corto, memorable. Corto, memorable y optimizado para SEO — ideal para crecimiento orgánico y confianza.","Descubre Bapup.com: nombre premium para marcable, nombre corto y memorable. Corto, memorable y SEO‑ready."
SwiftPrice.com,pricing_deals,SwiftPrice.com – Nombre de marca premium (Pricing Deals),"SwiftPrice.com es un nombre de marca premium para comparador de precios, ofertas, pricing dinámico. Corto, memorable y optimizado para SEO — ideal para crecimiento orgánico y confianza.","Descubre SwiftPrice.com: nombre premium para comparador de precios, ofertas y pricing dinámico. Corto, memorable y SEO‑ready."
LovelyNic.com,brandable_general,LovelyNic.com – Nombre de marca premium (Brandable General),"LovelyNic.com es un nombre de marca premium para marcable, nombre corto, memorable. Corto, memorable y optimizado para SEO — ideal para crecimiento orgánico y confianza.","Descubre LovelyNic.com: nombre premium para marcable, nombre corto y memorable. Corto, memorable y SEO‑ready."
WolfFleet.com,animals_strength,WolfFleet.com – Nombre de marca premium (Animals Strength),"WolfFleet.com es un nombre de marca premium para fitness, outdoor, liderazgo. Corto, memorable y optimizado para SEO — ideal para crecimiento orgánico y confianza.","Descubre WolfFleet.com: nombre premium para fitness, outdoor y liderazgo. Corto, memorable y SEO‑ready."
Soothelle.com,brandable_general,Soothelle.com – Nombre de marca premium (Brandable General),"Soothelle.com es un nombre de marca premium para marcable, nombre corto, memorable. Corto, memorable y optimizado para SEO — ideal para crecimiento orgánico y confianza.","Descubre Soothelle.com: nombre premium para marcable, nombre corto y memorable. Corto, memorable y SEO‑ready."
ColorfulBrains.com,brand_agency,ColorfulBrains.com – Nombre de marca premium (Brand Agency),"ColorfulBrains.com es un nombre de marca premium para branding, agency, creative. Corto, memorable y optimizado para SEO — ideal para crecimiento orgánico y confianza.","Descubre ColorfulBrains.com: nombre premium para branding, agency y creative. Corto, memorable y SEO‑ready."
Kurub.com,brandable_general,Kurub.com – Nombre de marca premium (Brandable General),"Kurub.com es un nombre de marca premium para marcable, nombre corto, memorable. Corto, memorable y optimizado para SEO — ideal para crecimiento orgánico y confianza.","Descubre Kurub.com: nombre premium para marcable, nombre corto y memorable. Corto, memorable y SEO‑ready."
LeoBlock.com,brandable_general,LeoBlock.com – Nombre de marca premium (Brandable General),"LeoBlock.com es un nombre de marca premium para marcable, nombre corto, memorable. Corto, memorable y optimizado para SEO — ideal para crecimiento orgánico y confianza.","Descubre LeoBlock.com: nombre premium para marcable, nombre corto y memorable. Corto, memorable y SEO‑ready."
Grisus.com,brandable_general,Grisus.com – Nombre de marca premium (Brandable General),"Grisus.com es un nombre de marca premium para marcable, nombre corto, memorable. Corto, memorable y optimizado para SEO — ideal para crecimiento orgánico y confianza.","Descubre Grisus.com: nombre premium para marcable, nombre corto y memorable. Corto, memorable y SEO‑ready."
GeniusScout.com,brand_agency,GeniusScout.com – Nombre de marca premium (Brand Agency),"GeniusScout.com es un nombre de marca premium para branding, agency, creative. Corto, memorable y optimizado para SEO — ideal para crecimiento orgánico y confianza.","Descubre GeniusScout.com: nombre premium para branding, agency y creative. Corto, memorable y SEO‑ready."
Nockit.com,brandable_general,Nockit.com – Nombre de marca premium (Brandable General),"Nockit.com es un nombre de marca premium para marcable, nombre corto, memorable. Corto, memorable y optimizado para SEO — ideal para crecimiento orgánico y confianza.","Descubre Nockit.com: nombre premium para marcable, nombre corto y memorable. Corto, memorable y SEO‑ready."
CleanBox.net,brandable_general,CleanBox.net – Nombre de marca premium (Brandable General),"CleanBox.net es un nombre de marca premium para marcable, nombre corto, memorable. Corto, memorable y optimizado para SEO — ideal para crecimiento orgánico y confianza.","Descubre CleanBox.net: nombre premium para marcable, nombre corto y memorable. Corto, memorable y SEO‑ready."
ToVogue.com,brandable_general,ToVogue.com – Nombre de marca premium (Brandable General),"ToVogue.com es un nombre de marca premium para marcable, nombre corto, memorable. Corto, memorable y optimizado para SEO — ideal para crecimiento orgánico y confianza.","Descubre ToVogue.com: nombre premium para marcable, nombre corto y memorable. Corto, memorable y SEO‑ready."
Bemif.com,brandable_general,Bemif.com – Nombre de marca premium (Brandable General),"Bemif.com es un nombre de marca premium para marcable, nombre corto, memorable. Corto, memorable y optimizado para SEO — ideal para crecimiento orgánico y confianza.","Descubre Bemif.com: nombre premium para marcable, nombre corto y memorable. Corto, memorable y SEO‑ready."
Bubev.com,brandable_general,Bubev.com – Nombre de marca premium (Brandable General),"Bubev.com es un nombre de marca premium para marcable, nombre corto, memorable. Corto, memorable y optimizado para SEO — ideal para crecimiento orgánico y confianza.","Descubre Bubev.com: nombre premium para marcable, nombre corto y memorable. Corto, memorable y SEO‑ready."
Kzrn.com,brandable_general,Kzrn.com – Nombre de marca premium (Brandable General),"Kzrn.com es un nombre de marca premium para marcable, nombre corto, memorable. Corto, memorable y optimizado para SEO — ideal para crecimiento orgánico y confianza.","Descubre Kzrn.com: nombre premium para marcable, nombre corto y memorable. Corto, memorable y SEO‑ready."
AiHarp.com,music_audio,AiHarp.com – Nombre de marca premium (Music Audio),"AiHarp.com es un nombre de marca premium para IA musical, software de audio, sound design. Corto, memorable y optimizado para SEO — ideal para crecimiento orgánico y confianza.","Descubre AiHarp.com: nombre premium para IA musical, software de audio y sound design. Corto, memorable y SEO‑ready."
ILKX.com,brandable_general,ILKX.com – Nombre de marca premium (Brandable General),"ILKX.com es un nombre de marca premium para marcable, nombre corto, memorable. Corto, memorable y optimizado para SEO — ideal para crecimiento orgánico y confianza.","Descubre ILKX.com: nombre premium para marcable, nombre corto y memorable. Corto, memorable y SEO‑ready."
Nisuvi.com,brandable_general,Nisuvi.com – Nombre de marca premium (Brandable General),"Nisuvi.com es un nombre de marca premium para marcable, nombre corto, memorable. Corto, memorable y optimizado para SEO — ideal para crecimiento orgánico y confianza.","Descubre Nisuvi.com: nombre premium para marcable, nombre corto y memorable. Corto, memorable y SEO‑ready."
ShinUp.com,brandable_general,ShinUp.com – Nombre de marca premium (Brandable General),"ShinUp.com es un nombre de marca premium para marcable, nombre corto, memorable. Corto, memorable y optimizado para SEO — ideal para crecimiento orgánico y confianza.","Descubre ShinUp.com: nombre premium para marcable, nombre corto y memorable. Corto, memorable y SEO‑ready."
CultureChord.com,brandable_general,CultureChord.com – Nombre de marca premium (Brandable General),"CultureChord.com es un nombre de marca premium para marcable, nombre corto, memorable. Corto, memorable y optimizado para SEO — ideal para crecimiento orgánico y confianza.","Descubre CultureChord.com: nombre premium para marcable, nombre corto y memorable. Corto, memorable y SEO‑ready."
CloutCrest.com,brandable_general,CloutCrest.com – Nombre de marca premium (Brandable General),"CloutCrest.com es un nombre de marca premium para marcable, nombre corto, memorable. Corto, memorable y optimizado para SEO — ideal para crecimiento orgánico y confianza.","Descubre CloutCrest.com: nombre premium para marcable, nombre corto y memorable. Corto, memorable y SEO‑ready."
